sku_id,week_start,units_sold,forecast_step
SKU0001,2025-12-29,28.52236456076704,1
SKU0004,2025-12-29,36.31104138328506,1
SKU0005,2025-12-29,4.27692116564047,1
SKU0006,2025-12-29,83.45036199071097,1
SKU0008,2025-12-29,99.7381959116421,1
SKU0010,2025-12-29,230.83344854399482,1
SKU0011,2025-12-29,120.12581014484807,1
SKU0012,2025-12-29,174.8231620192413,1
SKU0013,2025-12-29,143.0551450241552,1
SKU0014,2025-12-29,111.40018864672318,1
SKU0015,2025-12-29,106.70578134539329,1
SKU0016,2025-12-29,46.57103830514554,1
SKU0017,2025-12-29,285.46488947854556,1
SKU0018,2025-12-29,242.63928024432337,1
SKU0019,2025-12-29,70.47498035700131,1
SKU0020,2025-12-29,243.70724814967997,1
SKU0021,2025-12-29,12.052096724650248,1
SKU0022,2025-12-29,260.70353326380837,1
SKU0023,2025-12-29,31.340804235247706,1
SKU0025,2025-12-29,36.71806139277526,1
SKU0026,2025-12-29,34.876079055935,1
SKU0029,2025-12-29,12.471429314838218,1
SKU0030,2025-12-29,10.84705133275197,1
SKU0032,2025-12-29,112.1410778598284,1
SKU0035,2025-12-29,31.092568845579144,1
SKU0036,2025-12-29,9.65640485071756,1
SKU0038,2025-12-29,293.0704240342034,1
SKU0039,2025-12-29,38.07727625200687,1
SKU0040,2025-12-29,13.208417877453257,1
SKU0042,2025-12-29,277.9436686403178,1
SKU0043,2025-12-29,33.75499937764007,1
SKU0044,2025-12-29,21.43447683074453,1
SKU0045,2025-12-29,53.19978780505339,1
SKU0046,2025-12-29,464.9360463829381,1
SKU0047,2025-12-29,36.60342944181912,1
SKU0048,2025-12-29,150.84519371656793,1
SKU0050,2025-12-29,262.3468495614197,1
SKU0054,2025-12-29,45.21758809717934,1
SKU0055,2025-12-29,283.2243774234753,1
SKU0056,2025-12-29,152.57300851083048,1
SKU0057,2025-12-29,80.60418346120275,1
SKU0058,2025-12-29,42.93478662415282,1
SKU0059,2025-12-29,157.82091538858165,1
SKU0061,2025-12-29,301.7915846646085,1
SKU0062,2025-12-29,17.149062906074327,1
SKU0063,2025-12-29,166.64124737610896,1
SKU0064,2025-12-29,46.93368184574682,1
SKU0065,2025-12-29,109.87402537865877,1
SKU0067,2025-12-29,19.456895336664232,1
SKU0068,2025-12-29,158.64043024217403,1
SKU0071,2025-12-29,346.3480106917281,1
SKU0073,2025-12-29,15.838502328226436,1
SKU0075,2025-12-29,36.88612859705187,1
SKU0078,2025-12-29,102.6452068358285,1
SKU0079,2025-12-29,39.62696033823374,1
SKU0082,2025-12-29,266.47521124470813,1
SKU0083,2025-12-29,183.30262377765206,1
SKU0084,2025-12-29,198.25095998035573,1
SKU0085,2025-12-29,137.20153128903777,1
SKU0086,2025-12-29,289.60455449403884,1
SKU0088,2025-12-29,0.0,1
SKU0089,2025-12-29,266.31013360607534,1
SKU0093,2025-12-29,282.3764654893773,1
SKU0094,2025-12-29,81.95906430340412,1
SKU0095,2025-12-29,175.16891465969036,1
SKU0096,2025-12-29,172.2325930581245,1
SKU0097,2025-12-29,25.460116292326774,1
SKU0098,2025-12-29,256.32891448395145,1
SKU0099,2025-12-29,224.06933202558454,1
SKU0100,2025-12-29,211.0231295587504,1
SKU0102,2025-12-29,277.84890083929434,1
SKU0104,2025-12-29,381.7226312529153,1
SKU0105,2025-12-29,78.15065997641754,1
SKU0107,2025-12-29,47.216191566360074,1
SKU0108,2025-12-29,70.8923587758466,1
SKU0109,2025-12-29,78.7742913998704,1
SKU0110,2025-12-29,96.70238789620048,1
SKU0111,2025-12-29,79.71804181177723,1
SKU0112,2025-12-29,243.60517321596663,1
SKU0113,2025-12-29,96.22667499153073,1
SKU0117,2025-12-29,16.94384066061321,1
SKU0118,2025-12-29,14.096162921776344,1
SKU0119,2025-12-29,382.98594518598736,1
SKU0120,2025-12-29,119.63267418698176,1
SKU0123,2025-12-29,148.0372015209581,1
SKU0125,2025-12-29,16.920104850969796,1
SKU0128,2025-12-29,292.31567477910187,1
SKU0130,2025-12-29,31.078206222785944,1
SKU0135,2025-12-29,286.49817568690247,1
SKU0137,2025-12-29,30.255358064031974,1
SKU0138,2025-12-29,142.78002959954145,1
SKU0141,2025-12-29,172.69946432313242,1
SKU0143,2025-12-29,27.477863062276878,1
SKU0144,2025-12-29,178.41281857632143,1
SKU0145,2025-12-29,108.51806405987809,1
SKU0146,2025-12-29,74.591282265391,1
SKU0147,2025-12-29,273.0345717930461,1
SKU0148,2025-12-29,170.34512926507503,1
SKU0149,2025-12-29,88.69698841676562,1
SKU0150,2025-12-29,343.74929773646716,1
SKU0151,2025-12-29,29.378007106740405,1
SKU0152,2025-12-29,15.146662840499685,1
SKU0153,2025-12-29,136.08822364862462,1
SKU0154,2025-12-29,41.42350013247112,1
SKU0155,2025-12-29,26.916974956916313,1
SKU0156,2025-12-29,149.7728276794203,1
SKU0159,2025-12-29,192.4764871304851,1
SKU0160,2025-12-29,172.91356489726212,1
SKU0161,2025-12-29,79.47962515713749,1
SKU0162,2025-12-29,104.46287373281531,1
SKU0163,2025-12-29,158.17950931287598,1
SKU0165,2025-12-29,41.61629382693924,1
SKU0166,2025-12-29,268.4679546255999,1
SKU0167,2025-12-29,168.01092418965987,1
SKU0170,2025-12-29,198.44859344503894,1
SKU0171,2025-12-29,343.76602631870645,1
SKU0172,2025-12-29,103.9907244042495,1
SKU0173,2025-12-29,78.18260214360905,1
SKU0175,2025-12-29,253.77601736950754,1
SKU0176,2025-12-29,252.02003849979226,1
SKU0177,2025-12-29,29.9397125405578,1
SKU0178,2025-12-29,23.08682978858456,1
SKU0180,2025-12-29,14.641141759278549,1
SKU0181,2025-12-29,242.62065497053035,1
SKU0182,2025-12-29,30.84936937725425,1
SKU0184,2025-12-29,275.59367765493596,1
SKU0186,2025-12-29,54.75212172363711,1
SKU0187,2025-12-29,161.94729494012685,1
SKU0190,2025-12-29,121.9270242409481,1
SKU0191,2025-12-29,143.28098350751662,1
SKU0193,2025-12-29,30.516800928875284,1
SKU0195,2025-12-29,166.10841848600947,1
SKU0196,2025-12-29,45.0622737664127,1
SKU0198,2025-12-29,167.18689186098067,1
SKU0200,2025-12-29,251.62005278681548,1
SKU0001,2026-01-05,28.33972743286657,2
SKU0004,2026-01-05,33.783655455108104,2
SKU0005,2026-01-05,4.8860945130814235,2
SKU0006,2026-01-05,70.42498964368622,2
SKU0008,2026-01-05,99.6084584810217,2
SKU0010,2026-01-05,181.61559235471506,2
SKU0011,2026-01-05,93.21720865483296,2
SKU0012,2026-01-05,133.5706889746122,2
SKU0013,2026-01-05,284.3388616192725,2
SKU0014,2026-01-05,111.14244816507953,2
SKU0015,2026-01-05,103.570067259663,2
SKU0016,2026-01-05,31.02828864266541,2
SKU0017,2026-01-05,247.3343423161408,2
SKU0018,2026-01-05,224.7043723700533,2
SKU0019,2026-01-05,70.71323271591316,2
SKU0020,2026-01-05,272.73881635201946,2
SKU0021,2026-01-05,11.358753481182202,2
SKU0022,2026-01-05,162.97986281914146,2
SKU0023,2026-01-05,28.131285954800262,2
SKU0025,2026-01-05,43.80501476351338,2
SKU0026,2026-01-05,39.55288406440292,2
SKU0029,2026-01-05,13.040860075826235,2
SKU0030,2026-01-05,8.674020861426508,2
SKU0032,2026-01-05,102.61890087042916,2
SKU0035,2026-01-05,37.55236030601746,2
SKU0036,2026-01-05,4.628977999428739,2
SKU0038,2026-01-05,268.0704064362866,2
SKU0039,2026-01-05,45.90733786219769,2
SKU0040,2026-01-05,13.174273916294618,2
SKU0042,2026-01-05,291.8676333183871,2
SKU0043,2026-01-05,35.52985945136518,2
SKU0044,2026-01-05,18.74673964754272,2
SKU0045,2026-01-05,47.69264845998611,2
SKU0046,2026-01-05,422.80914015839113,2
SKU0047,2026-01-05,44.33628091109879,2
SKU0048,2026-01-05,161.23706058611367,2
SKU0050,2026-01-05,248.5991680337632,2
SKU0054,2026-01-05,49.95613368766939,2
SKU0055,2026-01-05,278.15267344755557,2
SKU0056,2026-01-05,156.9683108844015,2
SKU0057,2026-01-05,78.60400740228054,2
SKU0058,2026-01-05,50.083216127551204,2
SKU0059,2026-01-05,159.03071920875297,2
SKU0061,2026-01-05,246.89461031120356,2
SKU0062,2026-01-05,17.149062906074327,2
SKU0063,2026-01-05,169.4308723241363,2
SKU0064,2026-01-05,45.0483860215662,2
SKU0065,2026-01-05,118.70401023781268,2
SKU0067,2026-01-05,18.919933946140535,2
SKU0068,2026-01-05,127.63544165355755,2
SKU0071,2026-01-05,340.30367713757744,2
SKU0073,2026-01-05,13.946386965187362,2
SKU0075,2026-01-05,48.20799907656643,2
SKU0078,2026-01-05,98.75642290498301,2
SKU0079,2026-01-05,42.93748065661639,2
SKU0082,2026-01-05,254.73478320398704,2
SKU0083,2026-01-05,193.27485507667996,2
SKU0084,2026-01-05,179.95573924462389,2
SKU0085,2026-01-05,130.2232652292562,2
SKU0086,2026-01-05,234.43562205822644,2
SKU0088,2026-01-05,152.19161717841723,2
SKU0089,2026-01-05,208.39208905547778,2
SKU0093,2026-01-05,232.5908932833406,2
SKU0094,2026-01-05,104.34248493364336,2
SKU0095,2026-01-05,143.33578248790192,2
SKU0096,2026-01-05,183.8071759995682,2
SKU0097,2026-01-05,21.28161862852798,2
SKU0098,2026-01-05,221.84601212622053,2
SKU0099,2026-01-05,251.92727203610136,2
SKU0100,2026-01-05,298.37121420901303,2
SKU0102,2026-01-05,204.3521641456189,2
SKU0104,2026-01-05,400.100840051077,2
SKU0105,2026-01-05,78.48287941574846,2
SKU0107,2026-01-05,46.24234326008897,2
SKU0108,2026-01-05,73.63703602646761,2
SKU0109,2026-01-05,81.16504151577897,2
SKU0110,2026-01-05,93.70964130232704,2
SKU0111,2026-01-05,79.47962515713749,2
SKU0112,2026-01-05,254.93934904833876,2
SKU0113,2026-01-05,104.27020427528674,2
SKU0117,2026-01-05,17.749168258373867,2
SKU0118,2026-01-05,13.245936876070619,2
SKU0119,2026-01-05,46.11758909109941,2
SKU0120,2026-01-05,105.59726625024757,2
SKU0123,2026-01-05,128.2437730674273,2
SKU0125,2026-01-05,15.681372876428567,2
SKU0128,2026-01-05,209.3062400292468,2
SKU0130,2026-01-05,28.02723848427521,2
SKU0135,2026-01-05,189.01554335757316,2
SKU0137,2026-01-05,31.25551816733107,2
SKU0138,2026-01-05,146.40916019492474,2
SKU0141,2026-01-05,191.9659121777867,2
SKU0143,2026-01-05,20.693807308001713,2
SKU0144,2026-01-05,142.47886704035724,2
SKU0145,2026-01-05,90.10154464185776,2
SKU0146,2026-01-05,28.842291021955536,2
SKU0147,2026-01-05,233.30463649764567,2
SKU0148,2026-01-05,183.8447851367289,2
SKU0149,2026-01-05,83.92782659486333,2
SKU0150,2026-01-05,310.484792098276,2
SKU0151,2026-01-05,45.59821579189184,2
SKU0152,2026-01-05,18.24456961876112,2
SKU0153,2026-01-05,139.74384998843846,2
SKU0154,2026-01-05,42.47888248859191,2
SKU0155,2026-01-05,29.583980704211132,2
SKU0156,2026-01-05,161.1642588409158,2
SKU0159,2026-01-05,165.7052464081446,2
SKU0160,2026-01-05,170.42018431983323,2
SKU0161,2026-01-05,78.36013838133272,2
SKU0162,2026-01-05,84.72509084802566,2
SKU0163,2026-01-05,177.8133984535779,2
SKU0165,2026-01-05,48.454907677187656,2
SKU0166,2026-01-05,239.47763988462117,2
SKU0167,2026-01-05,175.80606370868935,2
SKU0170,2026-01-05,177.07363665265416,2
SKU0171,2026-01-05,123.64620687755273,2
SKU0172,2026-01-05,125.6171877027894,2
SKU0173,2026-01-05,72.48073815234217,2
SKU0175,2026-01-05,165.61053664188375,2
SKU0176,2026-01-05,155.20327961883794,2
SKU0177,2026-01-05,28.201393853937503,2
SKU0178,2026-01-05,20.49547884820085,2
SKU0180,2026-01-05,13.976344932168246,2
SKU0181,2026-01-05,248.12453735974054,2
SKU0182,2026-01-05,35.423047562493814,2
SKU0184,2026-01-05,206.15918758171586,2
SKU0186,2026-01-05,49.857628169173005,2
SKU0187,2026-01-05,177.2968368627775,2
SKU0190,2026-01-05,115.91890922393779,2
SKU0191,2026-01-05,155.01347997638157,2
SKU0193,2026-01-05,29.396260739280763,2
SKU0195,2026-01-05,168.19391709996543,2
SKU0196,2026-01-05,46.62133457649116,2
SKU0198,2026-01-05,157.11088953092286,2
SKU0200,2026-01-05,183.82333658242865,2
SKU0001,2026-01-12,25.098549798761887,3
SKU0004,2026-01-12,32.103955743654225,3
SKU0005,2026-01-12,11.729578281166678,3
SKU0006,2026-01-12,72.68118497139135,3
SKU0008,2026-01-12,97.4847368871313,3
SKU0010,2026-01-12,174.05684393779828,3
SKU0011,2026-01-12,88.21315861454113,3
SKU0012,2026-01-12,124.68241461857718,3
SKU0013,2026-01-12,178.4010001366394,3
SKU0014,2026-01-12,109.45539293387236,3
SKU0015,2026-01-12,97.18014149429652,3
SKU0016,2026-01-12,46.741324669124346,3
SKU0017,2026-01-12,231.59978750586495,3
SKU0018,2026-01-12,242.3905312678708,3
SKU0019,2026-01-12,79.48464310781114,3
SKU0020,2026-01-12,237.80880968412174,3
SKU0021,2026-01-12,11.641356910573087,3
SKU0022,2026-01-12,175.87470091200677,3
SKU0023,2026-01-12,33.3913012116934,3
SKU0025,2026-01-12,44.30063880212424,3
SKU0026,2026-01-12,36.92964105224946,3
SKU0029,2026-01-12,13.323636476079775,3
SKU0030,2026-01-12,12.776140011348122,3
SKU0032,2026-01-12,99.22700781459328,3
SKU0035,2026-01-12,35.272600222332,3
SKU0036,2026-01-12,4.641355842275112,3
SKU0038,2026-01-12,286.9449517337581,3
SKU0039,2026-01-12,44.108411468798955,3
SKU0040,2026-01-12,12.420536771186532,3
SKU0042,2026-01-12,295.2730645938564,3
SKU0043,2026-01-12,31.576445671470896,3
SKU0044,2026-01-12,19.20281467624066,3
SKU0045,2026-01-12,54.31834837321651,3
SKU0046,2026-01-12,359.1515682231175,3
SKU0047,2026-01-12,39.88745169168509,3
SKU0048,2026-01-12,132.9504125268682,3
SKU0050,2026-01-12,253.4963387203196,3
SKU0054,2026-01-12,49.46608492267411,3
SKU0055,2026-01-12,280.8752413412354,3
SKU0056,2026-01-12,139.24391623004757,3
SKU0057,2026-01-12,75.31273950363779,3
SKU0058,2026-01-12,44.247878796739755,3
SKU0059,2026-01-12,151.3282418835964,3
SKU0061,2026-01-12,252.52198036057894,3
SKU0062,2026-01-12,16.516920859766522,3
SKU0063,2026-01-12,141.0359453146851,3
SKU0064,2026-01-12,54.242670547658875,3
SKU0065,2026-01-12,115.07639977397524,3
SKU0067,2026-01-12,18.39648878313962,3
SKU0068,2026-01-12,117.37618222074336,3
SKU0071,2026-01-12,341.57672750332165,3
SKU0073,2026-01-12,16.27776477523975,3
SKU0075,2026-01-12,42.840762279494946,3
SKU0078,2026-01-12,99.37478527797784,3
SKU0079,2026-01-12,50.585581449383845,3
SKU0082,2026-01-12,247.1014118690112,3
SKU0083,2026-01-12,185.31377140370415,3
SKU0084,2026-01-12,183.78017694208074,3
SKU0085,2026-01-12,117.70637207856973,3
SKU0086,2026-01-12,244.0315834155986,3
SKU0088,2026-01-12,343.2513852709096,3
SKU0089,2026-01-12,175.8083811229393,3
SKU0093,2026-01-12,242.48489296785525,3
SKU0094,2026-01-12,160.537485385169,3
SKU0095,2026-01-12,134.60827714196543,3
SKU0096,2026-01-12,159.80780824347704,3
SKU0097,2026-01-12,23.002508943210874,3
SKU0098,2026-01-12,243.16767149981226,3
SKU0099,2026-01-12,246.12067422878982,3
SKU0100,2026-01-12,189.20486893773977,3
SKU0102,2026-01-12,203.86350169615704,3
SKU0104,2026-01-12,355.61780261918705,3
SKU0105,2026-01-12,72.85146896898121,3
SKU0107,2026-01-12,44.750616571209925,3
SKU0108,2026-01-12,81.3347242786472,3
SKU0109,2026-01-12,76.06353087318692,3
SKU0110,2026-01-12,93.654154599805,3
SKU0111,2026-01-12,73.39957246768412,3
SKU0112,2026-01-12,223.89716192414812,3
SKU0113,2026-01-12,107.48427912179518,3
SKU0117,2026-01-12,17.749168258373867,3
SKU0118,2026-01-12,21.168892606049923,3
SKU0119,2026-01-12,117.24853127047237,3
SKU0120,2026-01-12,91.62285592720956,3
SKU0123,2026-01-12,109.95331003495099,3
SKU0125,2026-01-12,17.57843845939532,3
SKU0128,2026-01-12,201.03154306802372,3
SKU0130,2026-01-12,27.459535876072515,3
SKU0135,2026-01-12,209.31037129776573,3
SKU0137,2026-01-12,31.450373752039358,3
SKU0138,2026-01-12,150.0147160903787,3
SKU0141,2026-01-12,157.991967452501,3
SKU0143,2026-01-12,26.012932989873825,3
SKU0144,2026-01-12,138.64846497698832,3
SKU0145,2026-01-12,79.82271234003682,3
SKU0146,2026-01-12,31.27950265718062,3
SKU0147,2026-01-12,206.12638368673305,3
SKU0148,2026-01-12,137.53562417242432,3
SKU0149,2026-01-12,84.40809554225201,3
SKU0150,2026-01-12,293.64250788143585,3
SKU0151,2026-01-12,42.40976548570498,3
SKU0152,2026-01-12,18.55155582564757,3
SKU0153,2026-01-12,124.93188688946063,3
SKU0154,2026-01-12,47.65623494415045,3
SKU0155,2026-01-12,22.03638545521122,3
SKU0156,2026-01-12,139.4223244994667,3
SKU0159,2026-01-12,165.9571238394191,3
SKU0160,2026-01-12,147.74775158817044,3
SKU0161,2026-01-12,86.91296349189338,3
SKU0162,2026-01-12,56.57836944781106,3
SKU0163,2026-01-12,141.47813816196998,3
SKU0165,2026-01-12,49.04371727185993,3
SKU0166,2026-01-12,256.9625789055108,3
SKU0167,2026-01-12,174.38653165763418,3
SKU0170,2026-01-12,188.62684984502422,3
SKU0171,2026-01-12,14.189284737483113,3
SKU0172,2026-01-12,132.58302801645087,3
SKU0173,2026-01-12,82.91239987001597,3
SKU0175,2026-01-12,187.98212480165392,3
SKU0176,2026-01-12,179.37257789345907,3
SKU0177,2026-01-12,25.947631286155246,3
SKU0178,2026-01-12,20.28610977260408,3
SKU0180,2026-01-12,8.004456410009656,3
SKU0181,2026-01-12,193.12636321391525,3
SKU0182,2026-01-12,30.54604868319315,3
SKU0184,2026-01-12,193.63093513287092,3
SKU0186,2026-01-12,50.44578860665906,3
SKU0187,2026-01-12,134.82893500786807,3
SKU0190,2026-01-12,104.37337074859848,3
SKU0191,2026-01-12,131.55346333855243,3
SKU0193,2026-01-12,25.35803301211707,3
SKU0195,2026-01-12,175.08228301541234,3
SKU0196,2026-01-12,45.29960714522853,3
SKU0198,2026-01-12,155.49532887358848,3
SKU0200,2026-01-12,182.78293648325484,3
SKU0001,2026-01-19,29.413794682365317,4
SKU0004,2026-01-19,35.938739674523106,4
SKU0005,2026-01-19,10.728988606424968,4
SKU0006,2026-01-19,73.31944663419203,4
SKU0008,2026-01-19,105.58513361832847,4
SKU0010,2026-01-19,182.00055992328188,4
SKU0011,2026-01-19,112.20230356634308,4
SKU0012,2026-01-19,127.6103373518216,4
SKU0013,2026-01-19,163.27909566486838,4
SKU0014,2026-01-19,106.7947998080472,4
SKU0015,2026-01-19,99.96628755533231,4
SKU0016,2026-01-19,38.41920238497338,4
SKU0017,2026-01-19,247.97593994903204,4
SKU0018,2026-01-19,226.01583352465667,4
SKU0019,2026-01-19,84.4729307839193,4
SKU0020,2026-01-19,242.99198265556075,4
SKU0021,2026-01-19,11.641356910573087,4
SKU0022,2026-01-19,175.532576952581,4
SKU0023,2026-01-19,37.29068151643812,4
SKU0025,2026-01-19,44.89006547770029,4
SKU0026,2026-01-19,41.959700471607,4
SKU0029,2026-01-19,13.159719805471253,4
SKU0030,2026-01-19,14.648855737091818,4
SKU0032,2026-01-19,104.14445599510387,4
SKU0035,2026-01-19,42.37969831318685,4
SKU0036,2026-01-19,3.8672922031140327,4
SKU0038,2026-01-19,295.66230474962526,4
SKU0039,2026-01-19,45.39545608530056,4
SKU0040,2026-01-19,12.867056871185936,4
SKU0042,2026-01-19,306.6455870690446,4
SKU0043,2026-01-19,36.85313723122798,4
SKU0044,2026-01-19,19.71611174819533,4
SKU0045,2026-01-19,51.998867374534925,4
SKU0046,2026-01-19,390.5845750440986,4
SKU0047,2026-01-19,47.153091772121684,4
SKU0048,2026-01-19,121.66616983696534,4
SKU0050,2026-01-19,250.66044609714183,4
SKU0054,2026-01-19,50.44578860665906,4
SKU0055,2026-01-19,271.694962209105,4
SKU0056,2026-01-19,144.4664572471939,4
SKU0057,2026-01-19,73.4555728999127,4
SKU0058,2026-01-19,53.24498673723378,4
SKU0059,2026-01-19,149.44076325598522,4
SKU0061,2026-01-19,263.6607511651166,4
SKU0062,2026-01-19,17.223826783191246,4
SKU0063,2026-01-19,143.98800381152995,4
SKU0064,2026-01-19,54.24864231468816,4
SKU0065,2026-01-19,109.79500596429573,4
SKU0067,2026-01-19,17.749168258373867,4
SKU0068,2026-01-19,116.12244598948263,4
SKU0071,2026-01-19,368.21594892609227,4
SKU0073,2026-01-19,16.464949267903112,4
SKU0075,2026-01-19,49.393245292569176,4
SKU0078,2026-01-19,100.25995454228001,4
SKU0079,2026-01-19,51.67621676033015,4
SKU0082,2026-01-19,250.45997762813542,4
SKU0083,2026-01-19,194.02558778331715,4
SKU0084,2026-01-19,177.0256509002446,4
SKU0085,2026-01-19,114.89180660999554,4
SKU0086,2026-01-19,247.18468347428097,4
SKU0088,2026-01-19,140.97995232855448,4
SKU0089,2026-01-19,190.3848960407717,4
SKU0093,2026-01-19,246.93769453094188,4
SKU0094,2026-01-19,156.06246002331795,4
SKU0095,2026-01-19,128.8976847531134,4
SKU0096,2026-01-19,172.58394660905526,4
SKU0097,2026-01-19,32.57020140289491,4
SKU0098,2026-01-19,232.31402705591972,4
SKU0099,2026-01-19,242.89106618810516,4
SKU0100,2026-01-19,299.21760219387335,4
SKU0102,2026-01-19,212.08892319822183,4
SKU0104,2026-01-19,367.03344195300195,4
SKU0105,2026-01-19,73.8929358914753,4
SKU0107,2026-01-19,43.14003939210113,4
SKU0108,2026-01-19,72.46847866021598,4
SKU0109,2026-01-19,87.50403698256972,4
SKU0110,2026-01-19,98.25653920688723,4
SKU0111,2026-01-19,75.12161281186056,4
SKU0112,2026-01-19,249.32372541727096,4
SKU0113,2026-01-19,109.00131066385866,4
SKU0117,2026-01-19,17.72365710658708,4
SKU0118,2026-01-19,22.543609551553406,4
SKU0119,2026-01-19,324.724191368917,4
SKU0120,2026-01-19,105.8004580621581,4
SKU0123,2026-01-19,111.64259011148927,4
SKU0125,2026-01-19,16.838966311470816,4
SKU0128,2026-01-19,227.3509713949377,4
SKU0130,2026-01-19,30.22374489007046,4
SKU0135,2026-01-19,205.03049942149627,4
SKU0137,2026-01-19,39.89215345441736,4
SKU0138,2026-01-19,142.5408802011696,4
SKU0141,2026-01-19,180.0144312730103,4
SKU0143,2026-01-19,33.073755549798484,4
SKU0144,2026-01-19,140.59678550898198,4
SKU0145,2026-01-19,90.93701219166162,4
SKU0146,2026-01-19,55.186402553485095,4
SKU0147,2026-01-19,270.6231389615626,4
SKU0148,2026-01-19,131.10119590667514,4
SKU0149,2026-01-19,88.82337982486406,4
SKU0150,2026-01-19,315.3458580467248,4
SKU0151,2026-01-19,47.32908644147343,4
SKU0152,2026-01-19,21.365909649004443,4
SKU0153,2026-01-19,119.96590662603418,4
SKU0154,2026-01-19,51.5625292180356,4
SKU0155,2026-01-19,13.130399690641568,4
SKU0156,2026-01-19,156.05195329835993,4
SKU0159,2026-01-19,177.64304935943187,4
SKU0160,2026-01-19,159.510545373982,4
SKU0161,2026-01-19,94.27830588655425,4
SKU0162,2026-01-19,82.77296394035157,4
SKU0163,2026-01-19,160.81404347176974,4
SKU0165,2026-01-19,53.176413699785265,4
SKU0166,2026-01-19,262.01832849679215,4
SKU0167,2026-01-19,177.93815607751895,4
SKU0170,2026-01-19,192.19009245854448,4
SKU0171,2026-01-19,258.835438912165,4
SKU0172,2026-01-19,127.23318722406195,4
SKU0173,2026-01-19,72.26030298564328,4
SKU0175,2026-01-19,187.31900024653478,4
SKU0176,2026-01-19,187.05497708625393,4
SKU0177,2026-01-19,30.702413871951105,4
SKU0178,2026-01-19,24.340574339385782,4
SKU0180,2026-01-19,12.29012830711397,4
SKU0181,2026-01-19,268.4795314025343,4
SKU0182,2026-01-19,36.47564451861921,4
SKU0184,2026-01-19,197.25895120061844,4
SKU0186,2026-01-19,50.82793815882013,4
SKU0187,2026-01-19,131.71946337380777,4
SKU0190,2026-01-19,101.58869118109274,4
SKU0191,2026-01-19,121.15168736080986,4
SKU0193,2026-01-19,30.702413871951105,4
SKU0195,2026-01-19,157.90086309629035,4
SKU0196,2026-01-19,50.72312450634485,4
SKU0198,2026-01-19,155.96165873122166,4
SKU0200,2026-01-19,197.56092409982907,4
SKU0001,2026-01-26,25.646156953936178,5
SKU0004,2026-01-26,31.7176336703227,5
SKU0005,2026-01-26,10.83217146902159,5
SKU0006,2026-01-26,77.93304017346902,5
SKU0008,2026-01-26,103.46486371280076,5
SKU0010,2026-01-26,175.1666714410678,5
SKU0011,2026-01-26,113.06268972916011,5
SKU0012,2026-01-26,122.62425323422549,5
SKU0013,2026-01-26,162.5751646928353,5
SKU0014,2026-01-26,109.78183759854522,5
SKU0015,2026-01-26,97.69947359027084,5
SKU0016,2026-01-26,38.557805655618225,5
SKU0017,2026-01-26,254.10898339290424,5
SKU0018,2026-01-26,272.4293533266863,5
SKU0019,2026-01-26,83.14394858896415,5
SKU0020,2026-01-26,242.13460819554948,5
SKU0021,2026-01-26,10.2665505815957,5
SKU0022,2026-01-26,180.2326700569095,5
SKU0023,2026-01-26,40.06648920068448,5
SKU0025,2026-01-26,48.22920643977951,5
SKU0026,2026-01-26,39.76151579551618,5
SKU0029,2026-01-26,12.674807703002932,5
SKU0030,2026-01-26,10.746717909549382,5
SKU0032,2026-01-26,106.48126922795,5
SKU0035,2026-01-26,40.96967217324177,5
SKU0036,2026-01-26,9.433273505270758,5
SKU0038,2026-01-26,300.80175587083966,5
SKU0039,2026-01-26,45.02839905662936,5
SKU0040,2026-01-26,13.489308618335224,5
SKU0042,2026-01-26,296.43006317982,5
SKU0043,2026-01-26,35.30083126898906,5
SKU0044,2026-01-26,18.919933946140535,5
SKU0045,2026-01-26,45.936643018460224,5
SKU0046,2026-01-26,419.2902173377314,5
SKU0047,2026-01-26,43.69850735584693,5
SKU0048,2026-01-26,122.32670098810205,5
SKU0050,2026-01-26,246.7893801580894,5
SKU0054,2026-01-26,53.56429021985056,5
SKU0055,2026-01-26,275.4661183560387,5
SKU0056,2026-01-26,135.1686178526545,5
SKU0057,2026-01-26,76.3652235331709,5
SKU0058,2026-01-26,42.79245637500971,5
SKU0059,2026-01-26,149.71746900830723,5
SKU0061,2026-01-26,266.7205240339747,5
SKU0062,2026-01-26,17.223826783191246,5
SKU0063,2026-01-26,133.81537411702772,5
SKU0064,2026-01-26,54.46553871637998,5
SKU0065,2026-01-26,104.06115106411585,5
SKU0067,2026-01-26,16.74808216273968,5
SKU0068,2026-01-26,108.81124320456519,5
SKU0071,2026-01-26,362.4438568799591,5
SKU0073,2026-01-26,7.142907442374577,5
SKU0075,2026-01-26,43.633858647453565,5
SKU0078,2026-01-26,104.62377447546756,5
SKU0079,2026-01-26,51.42082681339823,5
SKU0082,2026-01-26,239.88923493371604,5
SKU0083,2026-01-26,186.42469189785572,5
SKU0084,2026-01-26,173.82904826895864,5
SKU0085,2026-01-26,113.42565584974119,5
SKU0086,2026-01-26,249.28222720139445,5
SKU0088,2026-01-26,0.0,5
SKU0089,2026-01-26,185.09684468895188,5
SKU0093,2026-01-26,251.20634405110755,5
SKU0094,2026-01-26,97.09226821958963,5
SKU0095,2026-01-26,119.20389060654226,5
SKU0096,2026-01-26,165.25121553020267,5
SKU0097,2026-01-26,34.610296361877204,5
SKU0098,2026-01-26,225.76498319512606,5
SKU0099,2026-01-26,254.96782041907323,5
SKU0100,2026-01-26,172.9079244374229,5
SKU0102,2026-01-26,204.85379705427908,5
SKU0104,2026-01-26,345.39626574090215,5
SKU0105,2026-01-26,75.7358561736686,5
SKU0107,2026-01-26,52.0030269278703,5
SKU0108,2026-01-26,72.46847866021598,5
SKU0109,2026-01-26,79.18499231539687,5
SKU0110,2026-01-26,94.83682981934152,5
SKU0111,2026-01-26,74.88541984393217,5
SKU0112,2026-01-26,241.50229006451275,5
SKU0113,2026-01-26,106.80996389376244,5
SKU0117,2026-01-26,17.092318429783614,5
SKU0118,2026-01-26,22.55013685116199,5
SKU0119,2026-01-26,117.21559331818231,5
SKU0120,2026-01-26,108.95164421362543,5
SKU0123,2026-01-26,116.56256180387055,5
SKU0125,2026-01-26,15.332380165197579,5
SKU0128,2026-01-26,217.88207661604073,5
SKU0130,2026-01-26,28.301291995878607,5
SKU0135,2026-01-26,191.8707416384245,5
SKU0137,2026-01-26,29.189444793715175,5
SKU0138,2026-01-26,131.18889039012785,5
SKU0141,2026-01-26,176.98943263013143,5
SKU0143,2026-01-26,26.1790891327314,5
SKU0144,2026-01-26,129.03639122281714,5
SKU0145,2026-01-26,90.1438071156181,5
SKU0146,2026-01-26,43.004835546020466,5
SKU0147,2026-01-26,220.52601077741812,5
SKU0148,2026-01-26,122.81597096756931,5
SKU0149,2026-01-26,84.83093567176137,5
SKU0150,2026-01-26,313.6984348756572,5
SKU0151,2026-01-26,33.15852498806401,5
SKU0152,2026-01-26,12.936684424476935,5
SKU0153,2026-01-26,117.84828166463193,5
SKU0154,2026-01-26,51.743794189731446,5
SKU0155,2026-01-26,20.389180967355923,5
SKU0156,2026-01-26,178.10908312227903,5
SKU0159,2026-01-26,173.8724398194537,5
SKU0160,2026-01-26,160.20902027499903,5
SKU0161,2026-01-26,80.14607402946898,5
SKU0162,2026-01-26,88.05682784803918,5
SKU0163,2026-01-26,159.54890076707946,5
SKU0165,2026-01-26,50.21181248269767,5
SKU0166,2026-01-26,248.1256639268507,5
SKU0167,2026-01-26,162.16283243874832,5
SKU0170,2026-01-26,198.08352728485045,5
SKU0171,2026-01-26,280.68544808514974,5
SKU0172,2026-01-26,111.89891972392124,5
SKU0173,2026-01-26,74.63258717149122,5
SKU0175,2026-01-26,198.51778771361103,5
SKU0176,2026-01-26,175.86062418392987,5
SKU0177,2026-01-26,27.32632096333871,5
SKU0178,2026-01-26,20.416822751971736,5
SKU0180,2026-01-26,11.650643293570004,5
SKU0181,2026-01-26,247.7904506086329,5
SKU0182,2026-01-26,31.002554955621598,5
SKU0184,2026-01-26,256.01308282402806,5
SKU0186,2026-01-26,50.66842867250275,5
SKU0187,2026-01-26,166.89799243201873,5
SKU0190,2026-01-26,111.46620572040358,5
SKU0191,2026-01-26,163.28698990819194,5
SKU0193,2026-01-26,15.66640745992131,5
SKU0195,2026-01-26,225.68716376177636,5
SKU0196,2026-01-26,51.81549319602105,5
SKU0198,2026-01-26,141.23798585834928,5
SKU0200,2026-01-26,189.1812820076613,5
SKU0001,2026-02-02,31.20545298876934,6
SKU0004,2026-02-02,35.778892049843314,6
SKU0005,2026-02-02,11.33634762304562,6
SKU0006,2026-02-02,84.56569083892478,6
SKU0008,2026-02-02,112.49237580642097,6
SKU0010,2026-02-02,185.1839026409945,6
SKU0011,2026-02-02,114.44520761124643,6
SKU0012,2026-02-02,132.8063280148193,6
SKU0013,2026-02-02,186.79654091890112,6
SKU0014,2026-02-02,140.88668422344125,6
SKU0015,2026-02-02,109.83185927055302,6
SKU0016,2026-02-02,37.61326166042814,6
SKU0017,2026-02-02,265.12633141389875,6
SKU0018,2026-02-02,221.741604551184,6
SKU0019,2026-02-02,90.92095405848389,6
SKU0020,2026-02-02,255.1769403440728,6
SKU0021,2026-02-02,16.593162037324873,6
SKU0022,2026-02-02,186.72566773051133,6
SKU0023,2026-02-02,44.160771537546,6
SKU0025,2026-02-02,54.42624247552699,6
SKU0026,2026-02-02,43.94745071974927,6
SKU0029,2026-02-02,18.53875461582742,6
SKU0030,2026-02-02,11.812348389423295,6
SKU0032,2026-02-02,111.00455401436129,6
SKU0035,2026-02-02,45.27839287778736,6
SKU0036,2026-02-02,10.135678293824638,6
SKU0038,2026-02-02,291.8842330654059,6
SKU0039,2026-02-02,55.619936134700886,6
SKU0040,2026-02-02,18.802477656070298,6
SKU0042,2026-02-02,289.13818423622484,6
SKU0043,2026-02-02,40.167477668729596,6
SKU0044,2026-02-02,23.748407686727866,6
SKU0045,2026-02-02,49.64707417169906,6
SKU0046,2026-02-02,454.0942373747659,6
SKU0047,2026-02-02,55.72551727020313,6
SKU0048,2026-02-02,149.45678367500938,6
SKU0050,2026-02-02,255.67124663648426,6
SKU0054,2026-02-02,57.42715476614183,6
SKU0055,2026-02-02,282.21965599800916,6
SKU0056,2026-02-02,144.8229102183254,6
SKU0057,2026-02-02,82.81958217956009,6
SKU0058,2026-02-02,59.81690642817455,6
SKU0059,2026-02-02,157.4805501997411,6
SKU0061,2026-02-02,265.57316848524465,6
SKU0062,2026-02-02,24.00372970189607,6
SKU0063,2026-02-02,126.83894097446012,6
SKU0064,2026-02-02,52.070595051808816,6
SKU0065,2026-02-02,120.26393976539286,6
SKU0067,2026-02-02,24.31335012969798,6
SKU0068,2026-02-02,115.67359472710899,6
SKU0071,2026-02-02,327.9156149878056,6
SKU0073,2026-02-02,19.42429864948086,6
SKU0075,2026-02-02,59.56229964333178,6
SKU0078,2026-02-02,112.66265980401083,6
SKU0079,2026-02-02,48.61344834717827,6
SKU0082,2026-02-02,254.06024977769601,6
SKU0083,2026-02-02,204.41429986378878,6
SKU0084,2026-02-02,183.64974523837506,6
SKU0085,2026-02-02,154.19589617550537,6
SKU0086,2026-02-02,243.6331125030305,6
SKU0088,2026-02-02,266.3191302385836,6
SKU0089,2026-02-02,207.58020707513157,6
SKU0093,2026-02-02,249.6684976220788,6
SKU0094,2026-02-02,104.59908995252198,6
SKU0095,2026-02-02,125.36024236693827,6
SKU0096,2026-02-02,175.23138635987308,6
SKU0097,2026-02-02,24.737427920323654,6
SKU0098,2026-02-02,259.31948346439594,6
SKU0099,2026-02-02,236.57112775315883,6
SKU0100,2026-02-02,277.488224195539,6
SKU0102,2026-02-02,250.60171581482294,6
SKU0104,2026-02-02,402.23034998530073,6
SKU0105,2026-02-02,85.05044709316279,6
SKU0107,2026-02-02,49.608083263299136,6
SKU0108,2026-02-02,81.8558250692542,6
SKU0109,2026-02-02,85.36897204308703,6
SKU0110,2026-02-02,106.79937525699907,6
SKU0111,2026-02-02,82.35857383254644,6
SKU0112,2026-02-02,247.8404806675083,6
SKU0113,2026-02-02,115.82083266102897,6
SKU0117,2026-02-02,23.682011452894514,6
SKU0118,2026-02-02,17.63808108571831,6
SKU0119,2026-02-02,136.0211786575333,6
SKU0120,2026-02-02,112.08649179776124,6
SKU0123,2026-02-02,121.58117919976051,6
SKU0125,2026-02-02,22.924979262836075,6
SKU0128,2026-02-02,261.65470483714876,6
SKU0130,2026-02-02,32.90884970574443,6
SKU0135,2026-02-02,198.05905192520476,6
SKU0137,2026-02-02,39.86082868829461,6
SKU0138,2026-02-02,144.7132195795952,6
SKU0141,2026-02-02,175.63004460079603,6
SKU0143,2026-02-02,33.71293410070003,6
SKU0144,2026-02-02,133.31108475217664,6
SKU0145,2026-02-02,99.49153752317497,6
SKU0146,2026-02-02,26.4540589014302,6
SKU0147,2026-02-02,292.9015116033377,6
SKU0148,2026-02-02,124.1969678615259,6
SKU0149,2026-02-02,96.489344475188,6
SKU0150,2026-02-02,304.59304665882684,6
SKU0151,2026-02-02,49.6718357984988,6
SKU0152,2026-02-02,20.566891415906724,6
SKU0153,2026-02-02,153.6052424504262,6
SKU0154,2026-02-02,58.333487212842314,6
SKU0155,2026-02-02,33.47927901621508,6
SKU0156,2026-02-02,181.40010498439108,6
SKU0159,2026-02-02,174.7804103690726,6
SKU0160,2026-02-02,168.20556861335112,6
SKU0161,2026-02-02,94.79678596505813,6
SKU0162,2026-02-02,96.74838983740074,6
SKU0163,2026-02-02,171.6569260943313,6
SKU0165,2026-02-02,49.826468218221066,6
SKU0166,2026-02-02,253.44952031586166,6
SKU0167,2026-02-02,176.97060857321412,6
SKU0170,2026-02-02,199.29800112086355,6
SKU0171,2026-02-02,202.9464270350847,6
SKU0172,2026-02-02,115.64025527934598,6
SKU0173,2026-02-02,82.27180129459946,6
SKU0175,2026-02-02,204.22166196355994,6
SKU0176,2026-02-02,258.74055643249505,6
SKU0177,2026-02-02,31.477544541255202,6
SKU0178,2026-02-02,25.82622940238582,6
SKU0180,2026-02-02,14.175073533421967,6
SKU0181,2026-02-02,210.63846770279252,6
SKU0182,2026-02-02,36.529405563668675,6
SKU0184,2026-02-02,211.20601728053285,6
SKU0186,2026-02-02,49.88236930580599,6
SKU0187,2026-02-02,180.40901606801265,6
SKU0190,2026-02-02,119.93016824019635,6
SKU0191,2026-02-02,178.8113316340326,6
SKU0193,2026-02-02,35.98157084566686,6
SKU0195,2026-02-02,184.82192248132296,6
SKU0196,2026-02-02,60.23674061533657,6
SKU0198,2026-02-02,175.71343762396435,6
SKU0200,2026-02-02,197.57035593266235,6
SKU0001,2026-02-09,31.00888284504971,7
SKU0004,2026-02-09,39.18015997079774,7
SKU0005,2026-02-09,16.894191834538947,7
SKU0006,2026-02-09,85.38867560266672,7
SKU0008,2026-02-09,112.87136712282316,7
SKU0010,2026-02-09,179.8627768135558,7
SKU0011,2026-02-09,110.67529876116323,7
SKU0012,2026-02-09,130.1858000164247,7
SKU0013,2026-02-09,202.43232817783132,7
SKU0014,2026-02-09,151.8813502449285,7
SKU0015,2026-02-09,112.88582740849809,7
SKU0016,2026-02-09,38.16459662819877,7
SKU0017,2026-02-09,276.09700212508255,7
SKU0018,2026-02-09,271.0365820581861,7
SKU0019,2026-02-09,96.85506320918317,7
SKU0020,2026-02-09,242.77323173187003,7
SKU0021,2026-02-09,17.626304570131353,7
SKU0022,2026-02-09,183.6742249761349,7
SKU0023,2026-02-09,46.731900772906194,7
SKU0025,2026-02-09,52.94074072849595,7
SKU0026,2026-02-09,46.813031962949296,7
SKU0029,2026-02-09,19.411070770720755,7
SKU0030,2026-02-09,12.62083604223346,7
SKU0032,2026-02-09,112.182700503107,7
SKU0035,2026-02-09,53.69824234786154,7
SKU0036,2026-02-09,10.488407875090733,7
SKU0038,2026-02-09,292.14595176080013,7
SKU0039,2026-02-09,50.823410725449875,7
SKU0040,2026-02-09,19.36008886609951,7
SKU0042,2026-02-09,287.1124114230496,7
SKU0043,2026-02-09,36.860464872742384,7
SKU0044,2026-02-09,24.52907117707869,7
SKU0045,2026-02-09,57.26828831817076,7
SKU0046,2026-02-09,383.6053727473108,7
SKU0047,2026-02-09,43.79519130685055,7
SKU0048,2026-02-09,177.4762344648398,7
SKU0050,2026-02-09,244.24898799669566,7
SKU0054,2026-02-09,57.4204447132014,7
SKU0055,2026-02-09,285.1883812204775,7
SKU0056,2026-02-09,144.49404805989687,7
SKU0057,2026-02-09,83.95122532001088,7
SKU0058,2026-02-09,58.961929572590115,7
SKU0059,2026-02-09,160.0298490793978,7
SKU0061,2026-02-09,268.19685404508067,7
SKU0062,2026-02-09,24.334714451349118,7
SKU0063,2026-02-09,130.8543041880463,7
SKU0064,2026-02-09,61.597556302674775,7
SKU0065,2026-02-09,125.59480156194421,7
SKU0067,2026-02-09,24.34068126037819,7
SKU0068,2026-02-09,125.86467837217307,7
SKU0071,2026-02-09,329.8428847977854,7
SKU0073,2026-02-09,19.125008143149618,7
SKU0075,2026-02-09,58.497289194207475,7
SKU0078,2026-02-09,110.88915771387198,7
SKU0079,2026-02-09,60.086561939066314,7
SKU0082,2026-02-09,242.504431673378,7
SKU0083,2026-02-09,197.6658340493767,7
SKU0084,2026-02-09,169.2160538086893,7
SKU0085,2026-02-09,137.4069185175487,7
SKU0086,2026-02-09,244.96063826601306,7
SKU0088,2026-02-09,198.62495559738224,7
SKU0089,2026-02-09,261.51020816004586,7
SKU0093,2026-02-09,249.5284375578192,7
SKU0094,2026-02-09,144.75113478411657,7
SKU0095,2026-02-09,128.84935536638042,7
SKU0096,2026-02-09,168.95083139691113,7
SKU0097,2026-02-09,29.87270507647024,7
SKU0098,2026-02-09,236.93160179987262,7
SKU0099,2026-02-09,251.53409392044063,7
SKU0100,2026-02-09,224.430579582303,7
SKU0102,2026-02-09,210.48763007674302,7
SKU0104,2026-02-09,405.33660604437443,7
SKU0105,2026-02-09,85.4177006805828,7
SKU0107,2026-02-09,50.594497000224514,7
SKU0108,2026-02-09,83.14725687907841,7
SKU0109,2026-02-09,87.19477339494627,7
SKU0110,2026-02-09,111.31825406331494,7
SKU0111,2026-02-09,81.17567273710763,7
SKU0112,2026-02-09,273.14281643293356,7
SKU0113,2026-02-09,121.64770312643913,7
SKU0117,2026-02-09,24.123943603608396,7
SKU0118,2026-02-09,20.418255379596257,7
SKU0119,2026-02-09,266.95398097579056,7
SKU0120,2026-02-09,110.24155597585437,7
SKU0123,2026-02-09,112.69795105404214,7
SKU0125,2026-02-09,22.302374329645037,7
SKU0128,2026-02-09,219.03720603407328,7
SKU0130,2026-02-09,33.362456764835656,7
SKU0135,2026-02-09,192.930085872855,7
SKU0137,2026-02-09,39.05041495979395,7
SKU0138,2026-02-09,143.8060738354859,7
SKU0141,2026-02-09,175.87889967688676,7
SKU0143,2026-02-09,36.66920377393347,7
SKU0144,2026-02-09,129.97826282870162,7
SKU0145,2026-02-09,97.18146566164211,7
SKU0146,2026-02-09,41.46563716176177,7
SKU0147,2026-02-09,271.7894554878781,7
SKU0148,2026-02-09,128.7896807999207,7
SKU0149,2026-02-09,97.803376394077,7
SKU0150,2026-02-09,303.67727035363544,7
SKU0151,2026-02-09,45.66379432986642,7
SKU0152,2026-02-09,24.441135132841392,7
SKU0153,2026-02-09,136.93235614159207,7
SKU0154,2026-02-09,57.69840979139242,7
SKU0155,2026-02-09,30.052039062217144,7
SKU0156,2026-02-09,178.32130538631216,7
SKU0159,2026-02-09,169.8432947080688,7
SKU0160,2026-02-09,159.37636116598097,7
SKU0161,2026-02-09,100.88468367276728,7
SKU0162,2026-02-09,85.40558930232031,7
SKU0163,2026-02-09,174.01780437670223,7
SKU0165,2026-02-09,61.07384629576999,7
SKU0166,2026-02-09,260.11377012525537,7
SKU0167,2026-02-09,177.77030526409277,7
SKU0170,2026-02-09,195.37927869916533,7
SKU0171,2026-02-09,182.52338852757404,7
SKU0172,2026-02-09,129.41709440943092,7
SKU0173,2026-02-09,82.3012940367068,7
SKU0175,2026-02-09,195.4515580676562,7
SKU0176,2026-02-09,178.06367901305515,7
SKU0177,2026-02-09,33.92151700463139,7
SKU0178,2026-02-09,26.32216798753688,7
SKU0180,2026-02-09,19.601678329879473,7
SKU0181,2026-02-09,291.80771878209026,7
SKU0182,2026-02-09,35.620377508613764,7
SKU0184,2026-02-09,200.09124238488954,7
SKU0186,2026-02-09,61.049362910659454,7
SKU0187,2026-02-09,162.48682563604604,7
SKU0190,2026-02-09,116.6744821202984,7
SKU0191,2026-02-09,177.51540351752283,7
SKU0193,2026-02-09,31.351635847697043,7
SKU0195,2026-02-09,184.08009563081484,7
SKU0196,2026-02-09,61.56488007809082,7
SKU0198,2026-02-09,163.5842824994249,7
SKU0200,2026-02-09,193.59639308525988,7
SKU0001,2026-02-16,31.20545298876934,8
SKU0004,2026-02-16,41.09016057459617,8
SKU0005,2026-02-16,17.824986506510257,8
SKU0006,2026-02-16,85.55779388342341,8
SKU0008,2026-02-16,114.20876122980194,8
SKU0010,2026-02-16,191.14116112580538,8
SKU0011,2026-02-16,122.74289998996726,8
SKU0012,2026-02-16,130.1858000164247,8
SKU0013,2026-02-16,206.2264136306062,8
SKU0014,2026-02-16,142.7524851577116,8
SKU0015,2026-02-16,109.8729256690644,8
SKU0016,2026-02-16,46.80521989031864,8
SKU0017,2026-02-16,264.0843658140947,8
SKU0018,2026-02-16,265.1326057859622,8
SKU0019,2026-02-16,98.25856199430388,8
SKU0020,2026-02-16,243.96185020570204,8
SKU0021,2026-02-16,17.489114661482585,8
SKU0022,2026-02-16,192.5032468771907,8
SKU0023,2026-02-16,40.578381138993876,8
SKU0025,2026-02-16,56.5731497386548,8
SKU0026,2026-02-16,47.59169889589637,8
SKU0029,2026-02-16,18.71838870246306,8
SKU0030,2026-02-16,15.483917472566565,8
SKU0032,2026-02-16,107.61266095852541,8
SKU0035,2026-02-16,49.86959052794031,8
SKU0036,2026-02-16,8.688854158645078,8
SKU0038,2026-02-16,294.1857468505155,8
SKU0039,2026-02-16,58.342486150713775,8
SKU0040,2026-02-16,19.918664591604546,8
SKU0042,2026-02-16,307.7856076978433,8
SKU0043,2026-02-16,39.59423660113952,8
SKU0044,2026-02-16,23.56853414234134,8
SKU0045,2026-02-16,61.95732146012931,8
SKU0046,2026-02-16,393.12128951229107,8
SKU0047,2026-02-16,46.00040810037263,8
SKU0048,2026-02-16,161.27905837813518,8
SKU0050,2026-02-16,252.2805525692961,8
SKU0054,2026-02-16,61.434325994090926,8
SKU0055,2026-02-16,293.04023996499853,8
SKU0056,2026-02-16,141.53907455933177,8
SKU0057,2026-02-16,84.41082129247775,8
SKU0058,2026-02-16,57.95325190179157,8
SKU0059,2026-02-16,159.94363316758955,8
SKU0061,2026-02-16,287.5688983495969,8
SKU0062,2026-02-16,23.556508124620816,8
SKU0063,2026-02-16,131.02032641284055,8
SKU0064,2026-02-16,54.72727918937336,8
SKU0065,2026-02-16,116.62708702046855,8
SKU0067,2026-02-16,23.75540309170202,8
SKU0068,2026-02-16,117.34575722146003,8
SKU0071,2026-02-16,395.9498889889987,8
SKU0073,2026-02-16,9.615417169881217,8
SKU0075,2026-02-16,50.760706615644594,8
SKU0078,2026-02-16,107.4972646580361,8
SKU0079,2026-02-16,54.49798864645395,8
SKU0082,2026-02-16,241.16105882207484,8
SKU0083,2026-02-16,201.4066934661548,8
SKU0084,2026-02-16,178.55235472764295,8
SKU0085,2026-02-16,145.66242860705628,8
SKU0086,2026-02-16,231.6060085889069,8
SKU0088,2026-02-16,137.65924479900124,8
SKU0089,2026-02-16,219.84797628375642,8
SKU0093,2026-02-16,241.19923811489625,8
SKU0094,2026-02-16,143.23025903473246,8
SKU0095,2026-02-16,127.16641774361635,8
SKU0096,2026-02-16,173.11439302570443,8
SKU0097,2026-02-16,42.60246494867975,8
SKU0098,2026-02-16,257.0636624627794,8
SKU0099,2026-02-16,264.71166578587867,8
SKU0100,2026-02-16,286.69246683913275,8
SKU0102,2026-02-16,248.0876373527789,8
SKU0104,2026-02-16,385.96524090474304,8
SKU0105,2026-02-16,89.20906806605761,8
SKU0107,2026-02-16,49.27776532754873,8
SKU0108,2026-02-16,83.02634547958601,8
SKU0109,2026-02-16,87.93529225466033,8
SKU0110,2026-02-16,116.0321788161294,8
SKU0111,2026-02-16,82.98272573246443,8
SKU0112,2026-02-16,259.86574367138616,8
SKU0113,2026-02-16,106.59355795157887,8
SKU0117,2026-02-16,23.53487292381918,8
SKU0118,2026-02-16,31.412272696992076,8
SKU0119,2026-02-16,174.44236229813052,8
SKU0120,2026-02-16,113.42388590474002,8
SKU0123,2026-02-16,111.6545919372865,8
SKU0125,2026-02-16,23.2376062716046,8
SKU0128,2026-02-16,265.2804251153247,8
SKU0130,2026-02-16,33.53055648357269,8
SKU0135,2026-02-16,191.42665915826709,8
SKU0137,2026-02-16,36.333845261456155,8
SKU0138,2026-02-16,144.42050727222858,8
SKU0141,2026-02-16,170.62522251990177,8
SKU0143,2026-02-16,28.779804770469564,8
SKU0144,2026-02-16,131.76519457339612,8
SKU0145,2026-02-16,109.62973203549164,8
SKU0146,2026-02-16,45.64040288732722,8
SKU0147,2026-02-16,276.49203069368866,8
SKU0148,2026-02-16,130.58888460104714,8
SKU0149,2026-02-16,100.7928032243027,8
SKU0150,2026-02-16,304.66450346037703,8
SKU0151,2026-02-16,52.38727012816354,8
SKU0152,2026-02-16,23.70297230530462,8
SKU0153,2026-02-16,163.54259017046311,8
SKU0154,2026-02-16,61.299714532699284,8
SKU0155,2026-02-16,18.09596974239614,8
SKU0156,2026-02-16,181.79787886196428,8
SKU0159,2026-02-16,179.2507003697192,8
SKU0160,2026-02-16,179.21030327845494,8
SKU0161,2026-02-16,91.10599257409434,8
SKU0162,2026-02-16,98.37089248798637,8
SKU0163,2026-02-16,178.78737126920066,8
SKU0165,2026-02-16,61.299714532699284,8
SKU0166,2026-02-16,252.48614095101362,8
SKU0167,2026-02-16,178.32514767449766,8
SKU0170,2026-02-16,188.4059648737791,8
SKU0171,2026-02-16,279.03790981129987,8
SKU0172,2026-02-16,124.52225524882087,8
SKU0173,2026-02-16,82.27180129459946,8
SKU0175,2026-02-16,194.34648545468906,8
SKU0176,2026-02-16,249.8802490376391,8
SKU0177,2026-02-16,32.720250544619944,8
SKU0178,2026-02-16,25.76292557539751,8
SKU0180,2026-02-16,18.694138178486885,8
SKU0181,2026-02-16,250.81879943148388,8
SKU0182,2026-02-16,34.77090308922517,8
SKU0184,2026-02-16,262.1996677067305,8
SKU0186,2026-02-16,52.83728333552078,8
SKU0187,2026-02-16,164.8620518886792,8
SKU0190,2026-02-16,108.24019528841394,8
SKU0191,2026-02-16,152.36574808027876,8
SKU0193,2026-02-16,32.04674575325134,8
SKU0195,2026-02-16,235.8917664647698,8
SKU0196,2026-02-16,62.79454289118969,8
SKU0198,2026-02-16,171.3109678857581,8
SKU0200,2026-02-16,199.75436855788382,8
