sku_id,category,subcategory,launch_date,unit_cost,list_price
SKU0001,Small Appliances,Blenders,2024-08-07,3884.9,9466.89
SKU0002,Small Appliances,Heaters,2025-01-15,3569.38,6259.75
SKU0003,Furnishings,Sofas,2025-04-08,2950.81,7634.67
SKU0004,Furnishings,Sofas,2024-10-04,427.61,1108.86
SKU0005,Small Appliances,Heaters,2024-06-26,4372.54,11682.31
SKU0006,Furnishings,Chairs,2024-08-21,340.55,607.93
SKU0007,Decor,Rugs,2025-04-28,1567.34,3204.51
SKU0008,Furnishings,Chairs,2024-03-05,2219.32,4155.21
SKU0009,Decor,Wall Art,2025-02-20,3196.15,6311.88
SKU0010,Small Appliances,Heaters,2024-07-12,1404.23,3396.82
SKU0011,Furnishings,Tables,2024-01-04,3573.12,8567.7
SKU0012,Small Appliances,Blenders,2024-08-17,2624.02,4638.63
SKU0013,Decor,Rugs,2024-08-23,2608.78,6568.9
SKU0014,Decor,Wall Art,2024-10-06,1472.18,2409.93
SKU0015,Furnishings,Sofas,2024-07-23,3862.3,7263.93
SKU0016,Furnishings,Tables,2024-05-26,3029.34,6871.87
SKU0017,decor,Rugs,2024-07-22,3690.99,6645.14
SKU0018,Furnishings,Tables,2024-12-27,2159.17,3872.53
SKU0019,Furnishings,Chairs,2024-12-14,2090.78,4301.21
SKU0020,Decor,Rugs,2024-06-29,531.28,925.28
SKU0021,Small Appliances,Blenders,2024-12-15,1306.53,3609.96
SKU0022,Decor,Lighting,2024-08-12,1334.25,2289.13
SKU0023,Decor,Lighting,2024-04-11,1480.91,3398.78
SKU0024,Small Appliances,Kettles,2025-01-14,3279.66,6948.0
SKU0025,Decor,Wall Art,2024-11-20,517.33,1085.86
SKU0026,Decor,Wall Art,2024-06-13,778.68,1342.51
SKU0027,Furnishings,Sofas,2025-04-07,2677.62,5398.73
SKU0028,Furnishings,Sofas,2025-04-24,2248.02,5708.36
SKU0029,Decor,Lighting,2024-09-02,4229.55,9669.06
SKU0030,furnishings,Tables,2024-06-14,2414.92,5135.8
SKU0031,Small Appliances,Kettles,2025-03-24,760.08,1721.46
SKU0032,Decor,Wall Art,2024-05-20,3018.49,7462.9
SKU0033,Furnishings,Chairs,2025-04-03,1151.43,1893.98
SKU0034,Furnishings,Sofas,2025-02-18,3665.89,7260.54
SKU0035,Furnishings,Chairs,2024-09-14,1263.45,3440.69
SKU0036,Furnishings,Sofas,2024-08-05,4466.83,11926.49
SKU0037,Small Appliances,Kettles,2025-03-22,2407.03,4763.79
SKU0038,Decor,Rugs,2024-07-05,560.93,1400.16
SKU0039,Small Appliances,Heaters,2024-04-30,684.0,1776.58
SKU0040,Furnishings,Chairs,2024-10-26,3954.34,7259.07
SKU0041,small appliances,Kettles,2025-04-30,2328.22,4127.18
SKU0042,Furnishings,Sofas,2024-03-06,3097.82,5409.41
SKU0043,Decor,Lighting,2024-10-17,1019.02,2613.73
SKU0044,Decor,Lighting,2024-03-06,688.33,1867.49
SKU0045,Furnishings,Sofas,2024-09-01,3033.46,8332.15
SKU0046,Small Appliances,Blenders,2024-01-13,2565.11,6055.64
SKU0047,Furnishings,Tables,2024-07-28,4353.11,10078.54
SKU0048,Small Appliances,Blenders,2024-08-21,3563.72,5778.23
SKU0049,Small Appliances,Kettles,2025-02-02,1161.99,2599.28
SKU0050,Small Appliances,Heaters,2024-10-28,1944.69,3984.71
SKU0051,Decor,Lighting,2025-03-09,2124.45,4030.95
SKU0052,Decor,Lighting,2025-02-12,607.96,1021.29
SKU0053,Furnishings,Sofas,2025-02-16,1499.96,2658.9
SKU0054,furnishings,Sofas,2024-05-22,818.22,1422.55
SKU0055,Furnishings,Sofas,2024-03-28,382.21,882.67
SKU0056,Furnishings,Tables,2024-06-07,2344.69,6213.44
SKU0057,Furnishings,Chairs,2024-03-31,1179.84,2240.83
SKU0058,Decor,Wall Art,2024-01-25,1775.22,3956.08
SKU0059,Small Appliances,Kettles,2024-01-26,4173.06,7173.22
SKU0060,Small Appliances,Kettles,2025-05-04,3638.81,9225.74
SKU0061,Small Appliances,Heaters,2024-03-08,2481.9,5502.54
SKU0062,Decor,Lighting,2024-07-11,2932.1,5628.92
SKU0063,Decor,Wall Art,2024-07-27,1161.68,2371.01
SKU0064,Furnishings,Chairs,2024-07-08,3132.98,6128.9
SKU0065,Small Appliances,Heaters,2024-08-28,1578.37,3539.53
SKU0066,Decor,Wall Art,2025-02-06,2467.34,5821.69
SKU0067,Decor,Wall Art,2024-04-11,3172.37,8352.42
SKU0068,Decor,Rugs,2024-02-17,3306.86,5626.26
SKU0069,Furnishings,Tables,2025-04-24,3633.85,8402.98
SKU0070,Small Appliances,Heaters,2025-04-18,1252.22,2890.24
SKU0071,Decor,Wall Art,2024-03-26,2607.54,5963.23
SKU0072,Decor,Lighting,2025-01-16,3626.71,7944.61
SKU0073,Small Appliances,Heaters,2024-02-29,659.4,1124.44
SKU0074,Decor,Lighting,2025-01-22,3069.86,6140.84
SKU0075,Small Appliances,Blenders,2024-05-15,1734.24,3429.16
SKU0076,Furnishings,Sofas,2025-04-13,2054.88,4233.02
SKU0077,Decor,Lighting,2025-04-13,3544.31,7709.74
SKU0078,Small Appliances,Kettles,2024-12-24,4287.7,7469.92
SKU0079,decor,Wall Art,2024-03-01,2708.92,6564.57
SKU0080,Decor,Lighting,2025-02-16,1434.81,3085.21
SKU0081,Furnishings,Chairs,2025-04-04,3548.63,6148.73
SKU0082,Small Appliances,Heaters,2024-05-21,3790.5,6548.86
SKU0083,decor,Wall Art,2024-11-21,543.42,1454.43
SKU0084,Furnishings,Chairs,2024-03-12,3528.94,6485.64
SKU0085,Decor,Lighting,2024-01-19,173.62,288.55
SKU0086,Small Appliances,Heaters,2024-04-29,3844.93,6415.95
SKU0087,Small Appliances,Kettles,2025-01-21,3186.83,8303.53
SKU0088,Furnishings,Sofas,2024-03-03,2344.71,5848.24
SKU0089,Small Appliances,Blenders,2024-03-18,3345.6,6127.97
SKU0090,Decor,Rugs,2025-05-05,2810.21,4680.12
SKU0091,Furnishings,Sofas,2025-03-18,3236.67,5851.1
SKU0092,Furnishings,Chairs,2025-05-05,2144.74,5449.56
SKU0093,Decor,Rugs,2024-03-13,4265.21,8366.68
SKU0094,Decor,Wall Art,2024-11-20,4241.59,7542.08
SKU0095,Decor,Lighting,2024-08-25,668.6,1177.35
SKU0096,Furnishings,Chairs,2024-08-01,2807.8,6630.77
SKU0097,Decor,Lighting,2024-04-18,2709.13,5365.29
SKU0098,Decor,Rugs,2024-08-25,1131.33,2587.29
SKU0099,Decor,Rugs,2024-11-19,2988.08,5914.78
SKU0100,Decor,Wall Art,2024-08-03,2873.15,5840.51
SKU0101,Decor,Rugs,2025-03-19,4156.6,9162.64
SKU0102,Small Appliances,Kettles,2024-06-06,3792.61,8317.08
SKU0103,Furnishings,Tables,2025-02-24,391.72,758.66
SKU0104,Furnishings,Tables,2024-06-05,3380.71,5468.7
SKU0105,Small Appliances,Blenders,2024-07-05,818.22,1899.1
SKU0106,Furnishings,Chairs,2025-04-24,4480.27,11319.52
SKU0107,decor,Wall Art,2024-12-18,1837.11,4352.24
SKU0108,Furnishings,Tables,2024-09-19,862.32,1551.39
SKU0109,Small Appliances,Heaters,2024-10-04,3799.95,10595.73
SKU0110,Decor,Lighting,2024-07-15,498.21,1248.71
SKU0111,Decor,Lighting,2024-03-16,937.03,2519.23
SKU0112,Furnishings,Sofas,2024-05-26,2282.36,5257.95
SKU0113,Furnishings,Sofas,2024-05-01,3819.61,9033.78
SKU0114,Decor,Lighting,2025-01-16,402.77,821.62
SKU0115,Furnishings,Tables,2025-02-26,2249.19,5673.25
SKU0116,Decor,Rugs,2025-03-30,2703.99,7085.34
SKU0117,Decor,Lighting,2024-09-22,606.66,1260.8
SKU0118,decor,Rugs,2024-03-29,1624.02,2971.83
SKU0119,small appliances,Heaters,2024-08-12,1487.78,3448.93
SKU0120,Furnishings,Sofas,2024-12-17,2906.9,8075.85
SKU0121,Decor,Lighting,2025-01-15,4079.48,10055.25
SKU0122,Small Appliances,Blenders,2025-03-09,646.35,1602.23
SKU0123,Decor,Lighting,2024-11-23,4368.7,12151.51
SKU0124,Decor,Lighting,2025-01-09,1657.24,2897.92
SKU0125,Small Appliances,Heaters,2024-09-01,4437.1,9575.12
SKU0126,Decor,Wall Art,2025-01-31,518.96,1176.25
SKU0127,Small Appliances,Blenders,2025-02-15,310.82,636.32
SKU0128,Furnishings,Tables,2024-12-03,3252.67,8224.26
SKU0129,Decor,Rugs,2025-02-04,362.99,682.94
SKU0130,small appliances,Blenders,2024-01-03,2388.64,5763.18
SKU0131,Decor,Lighting,2025-03-23,3071.52,5790.4
SKU0132,Furnishings,Tables,2025-03-02,1450.4,3348.08
SKU0133,Furnishings,Chairs,2025-03-19,966.03,1643.96
SKU0134,Decor,Rugs,2025-02-07,4494.53,8789.66
SKU0135,Furnishings,Sofas,2024-10-14,4489.47,10959.05
SKU0136,Furnishings,Chairs,2025-04-02,2311.59,4071.27
SKU0137,Furnishings,Chairs,2024-04-10,226.86,486.37
SKU0138,Furnishings,Chairs,2024-07-29,4322.56,10816.58
SKU0139,Furnishings,Chairs,2025-03-24,1172.67,2334.1
SKU0140,Decor,Lighting,2025-01-06,2719.74,6484.21
SKU0141,Furnishings,Sofas,2024-06-10,826.17,2188.67
SKU0142,Decor,Wall Art,2025-01-30,3559.63,7568.0
SKU0143,Small Appliances,Blenders,2024-12-03,3693.68,9910.38
SKU0144,Furnishings,Sofas,2024-10-08,593.24,1413.99
SKU0145,Decor,Lighting,2024-08-04,305.92,841.81
SKU0146,Furnishings,Sofas,2024-05-03,435.06,933.7
SKU0147,Furnishings,Sofas,2024-01-26,635.46,1309.94
SKU0148,Decor,Rugs,2024-04-13,1464.01,3034.82
SKU0149,Furnishings,Sofas,2024-02-26,3903.03,6250.62
SKU0150,Decor,Wall Art,2024-06-15,2026.27,5140.03
SKU0151,Furnishings,Sofas,2024-06-10,1204.8,2621.45
SKU0152,Furnishings,Tables,2024-06-14,4197.17,6960.1
SKU0153,Decor,Wall Art,2024-03-16,356.08,628.78
SKU0154,Furnishings,Tables,2024-04-04,286.08,495.71
SKU0155,furnishings,Sofas,2024-10-11,2717.35,7117.62
SKU0156,Small Appliances,Blenders,2024-11-05,857.93,2168.44
SKU0157,Furnishings,Sofas,2025-04-04,2126.89,4943.12
SKU0158,Furnishings,Tables,2025-02-10,1535.04,3928.25
SKU0159,furnishings,Chairs,2024-07-26,1531.72,2594.32
SKU0160,Furnishings,Chairs,2024-01-10,869.87,2148.77
SKU0161,Decor,Lighting,2024-06-07,4021.58,9300.29
SKU0162,Furnishings,Tables,2024-12-12,902.31,1992.98
SKU0163,Furnishings,Tables,2024-01-09,4469.92,10287.82
SKU0164,Small Appliances,Kettles,2025-03-16,2482.47,5824.25
SKU0165,Furnishings,Chairs,2024-10-24,1432.19,3432.02
SKU0166,Furnishings,Sofas,2024-10-24,1156.07,3062.04
SKU0167,Decor,Wall Art,2024-10-03,1873.32,4520.59
SKU0168,Decor,Wall Art,2025-01-14,4427.86,9312.35
SKU0169,Furnishings,Sofas,2025-02-02,2413.0,5042.09
SKU0170,Small Appliances,Blenders,2024-07-16,3119.23,5549.89
SKU0171,Furnishings,Tables,2024-04-09,3886.58,10474.72
SKU0172,Decor,Lighting,2025-01-01,3970.89,8159.64
SKU0173,Decor,Rugs,2024-12-31,3555.88,8121.35
SKU0174,Small Appliances,Heaters,2025-03-08,3621.72,6228.76
SKU0175,Decor,Rugs,2024-01-12,4409.63,9051.09
SKU0176,Small Appliances,Blenders,2024-07-16,1538.23,3584.83
SKU0177,Decor,Wall Art,2024-10-27,4218.91,9117.77
SKU0178,Furnishings,Chairs,2024-07-16,720.32,1293.3
SKU0179,Furnishings,Sofas,2025-04-22,1209.65,2079.04
SKU0180,Small Appliances,Blenders,2024-05-19,1029.08,1875.93
SKU0181,Decor,Rugs,2024-05-09,346.5,754.6
SKU0182,Decor,Lighting,2024-09-04,631.51,1201.72
SKU0183,Small Appliances,Kettles,2025-03-14,4072.14,11326.59
SKU0184,Small Appliances,Blenders,2024-02-05,749.4,1472.84
SKU0185,Furnishings,Tables,2025-02-26,2832.89,6376.37
SKU0186,Furnishings,Chairs,2024-03-21,3855.91,8872.73
SKU0187,Furnishings,Tables,2024-07-04,1911.12,4800.77
SKU0188,Furnishings,Chairs,2025-04-15,674.85,1805.46
SKU0189,Furnishings,Sofas,2025-02-27,930.79,1951.2
SKU0190,Furnishings,Tables,2024-12-21,3853.31,10209.31
SKU0191,Decor,Lighting,2024-05-04,1214.86,2178.86
SKU0192,Small Appliances,Kettles,2025-01-23,2401.83,5256.96
SKU0193,Decor,Lighting,2024-08-05,723.13,1266.05
SKU0194,Decor,Lighting,2025-04-21,861.56,1951.69
SKU0195,Furnishings,Tables,2024-01-16,667.45,1802.26
SKU0196,Decor,Wall Art,2024-08-20,1891.96,4234.7
SKU0197,Small Appliances,Kettles,2025-02-13,3376.02,7300.68
SKU0198,Small Appliances,Heaters,2024-06-19,367.96,739.93
SKU0199,Decor,Wall Art,2025-01-10,3602.31,6679.93
SKU0200,Decor,Wall Art,2024-11-15,160.04,446.84
SKU0059,Small Appliances,Kettles,2024-01-26,4173.06,7173.22
SKU0041,small appliances,Kettles,2025-04-30,2328.22,4127.18
SKU0035,Furnishings,Chairs,2024-09-14,1263.45,3440.69
